{
  "items": [
    {
      "category": "gravure",
      "thumb": "assets/galerie/gravure/thumb/image1.webp",
      "full": "assets/galerie/gravure/full/image1.webp",
      "caption": "Symboles de groupes de hard-rock - simili cuir blanc Ø10cm"
    },
    {
      "category": "accessoire",
      "thumb": "assets/galerie/accessoire/thumb/image1.webp",
      "full": "assets/galerie/accessoire/full/image1.webp",
      "caption": "Emblèmes hard-rock sur similicuir blanc"
    },
    {
      "category": "maquette",
      "thumb": "assets/galerie/maquette/thumb/image1.webp",
      "full": "assets/galerie/maquette/full/image1.webp",
      "caption": "Chakra - Cadre lumineux 18x18x3 sur secteur."
    }
  ]
}