{
  "models": [
    {
      "id": "M01",
      "title": "Rond Sapin",
      "thumb": "",
      "full": "",
      "variants": [
        {
          "id": "base",
          "name": "Base",
          "thumb": "",
          "full": "",
          "fields": {},
          "finitions": [],
          "notes": "Épaisseur: 15 mm — Diamètre: 100 mm\nLot: 4 pièces minimum\nLivré avec ses petits patins"
        }
      ]
    },
    {
      "id": "M02",
      "title": "Rond Contreplaqué",
      "thumb": "",
      "full": "",
      "variants": [
        {
          "id": "base",
          "name": "Base",
          "thumb": "",
          "full": "",
          "fields": {},
          "finitions": [],
          "notes": "Épaisseur: 3 mm — Diamètre: 100 mm\nLot: 4 pièces minimum"
        }
      ]
    },
    {
      "id": "M03",
      "title": "Rond Similicuir Ø100 mm",
      "thumb": "",
      "full": "",
      "variants": [
        {
          "id": "base",
          "name": "Base",
          "thumb": "",
          "full": "",
          "fields": {},
          "finitions": [],
          "notes": "Couleurs: blanc — Lot: 6 pièces\n1 Support inclus pas lot."
        }
      ]
    },
    {
      "id": "M04",
      "title": "Rond Similicuir Ø100 mm",
      "thumb": "assets/bandeaux/M04/image_w640.webp",
      "full": "assets/bandeaux/M04/image_w1024.webp",
      "variants": [
        {
          "id": "base",
          "name": "Base",
          "thumb": "assets/bandeaux/M04/image_w640.webp",
          "full": "assets/bandeaux/M04/image_w1024.webp",
          "fields": {},
          "finitions": [],
          "notes": "Couleurs: rouge — Lot: 6 pièces\n1 Support inclus par lot"
        }
      ]
    },
    {
      "id": "M05",
      "title": "Carré Bois 100×100 mm",
      "thumb": "",
      "full": "",
      "variants": [
        {
          "id": "base",
          "name": "Base",
          "thumb": "",
          "full": "",
          "fields": {},
          "finitions": [],
          "notes": "Épaisseur: 5 mm\nEssences: Sapin"
        }
      ]
    },
    {
      "id": "M06",
      "title": "Carré Bois 100×100 mm",
      "thumb": "",
      "full": "",
      "variants": [
        {
          "id": "base",
          "name": "Base",
          "thumb": "",
          "full": "",
          "fields": {},
          "finitions": [],
          "notes": "Épaisseur: 5 mm\nEssences:  Noyer"
        }
      ]
    },
    {
      "id": "M07",
      "title": "Carré Bois décaissé 100×100 mm",
      "thumb": "",
      "full": "",
      "variants": [
        {
          "id": "base",
          "name": "Base",
          "thumb": "",
          "full": "",
          "fields": {},
          "finitions": [],
          "notes": "Épaisseur: 5 mm — Légère cavité\nEssences: Noyer ou Sapin\nSUIVANT DISPONIBILITÉ"
        }
      ]
    },
    {
      "id": "M08",
      "title": "Carte de visite en métal !",
      "thumb": "",
      "full": "",
      "variants": [
        {
          "id": "base",
          "name": "Base",
          "thumb": "",
          "full": "",
          "fields": {},
          "finitions": [],
          "notes": "Parfait pour des invitations, des éléments décoratifs.\nÉpaisseur: 0.2 mm - Souple\nMatière : Aluminium"
        }
      ]
    },
    {
      "id": "M09",
      "title": "À vous de jouer !",
      "thumb": "",
      "full": "",
      "variants": [
        {
          "id": "base",
          "name": "Base",
          "thumb": "",
          "full": "",
          "fields": {},
          "finitions": [],
          "notes": "Zonne de gravure maximum 400x400.\nAu plaisir d'en discuter.\nPlanche à découper, Manches, Verre, Plastique, Stensils, Guitare, Outils... ( Bientôt possible sur certains métaux)"
        }
      ]
    },
    {
      "id": "M10",
      "title": "Planche 200×300 mm",
      "thumb": "",
      "full": "",
      "variants": [
        {
          "id": "base",
          "name": "Base",
          "thumb": "",
          "full": "",
          "fields": {},
          "finitions": [],
          "notes": "Épaisseur: 2 mm — Facile à découper\nEssences: contre-plaqué"
        }
      ]
    }
  ]
}