{
  "base": {
    "w": 1200,
    "h": 800
  },
  "center": {
    "x": 356.509001772198,
    "y": 444.14658727661197
  },
  "pieces": [
    {
      "id": "p01",
      "bbox": {
        "x": 208,
        "y": 156,
        "w": 236,
        "h": 278
      },
      "dir": {
        "x": -0.26589970035282307,
        "y": -0.9640006998712599
      },
      "mag": 207.95666488228804
    },
    {
      "id": "p02",
      "bbox": {
        "x": 182,
        "y": 376,
        "w": 133,
        "h": 305
      },
      "dir": {
        "x": -0.8325029937818805,
        "y": 0.5540205459585468
      },
      "mag": 195.76908830677772
    },
    {
      "id": "p03",
      "bbox": {
        "x": 322,
        "y": 562,
        "w": 221,
        "h": 161
      },
      "dir": {
        "x": 0.266308786235754,
        "y": 0.9638877685569205
      },
      "mag": 226.45055984315502
    },
    {
      "id": "p04",
      "bbox": {
        "x": 596,
        "y": 200,
        "w": 180,
        "h": 100
      },
      "dir": {
        "x": 0.8573074369411083,
        "y": -0.5148047771393226
      },
      "mag": 314.0295033565999
    },
    {
      "id": "p05",
      "bbox": {
        "x": 616,
        "y": 586,
        "w": 237,
        "h": 106
      },
      "dir": {
        "x": 0.890783246455209,
        "y": 0.4544284408294868
      },
      "mag": 321.11907123014896
    },
    {
      "id": "p06",
      "bbox": {
        "x": 773,
        "y": 199,
        "w": 184,
        "h": 99
      },
      "dir": {
        "x": 0.9296629040237591,
        "y": -0.36841129852667504
      },
      "mag": 389.11463592161783
    },
    {
      "id": "p07",
      "bbox": {
        "x": 440,
        "y": 620,
        "w": 190,
        "h": 101
      },
      "dir": {
        "x": 0.5972471874661673,
        "y": 0.8020572280478201
      },
      "mag": 258.7840901450541
    },
    {
      "id": "p08",
      "bbox": {
        "x": 185,
        "y": 316,
        "w": 214,
        "h": 165
      },
      "dir": {
        "x": -0.8393177660492637,
        "y": -0.5436411386145034
      },
      "mag": 174.3577779515322
    },
    {
      "id": "p09",
      "bbox": {
        "x": 439,
        "y": 519,
        "w": 199,
        "h": 82
      },
      "dir": {
        "x": 0.8362011711575629,
        "y": 0.5484228308109723
      },
      "mag": 236.36214752263783
    },
    {
      "id": "p10",
      "bbox": {
        "x": 572,
        "y": 365,
        "w": 114,
        "h": 145
      },
      "dir": {
        "x": 0.9999734369704318,
        "y": 0.00728871412127589
      },
      "mag": 264.62911493590366
    },
    {
      "id": "p11",
      "bbox": {
        "x": 311,
        "y": 456,
        "w": 132,
        "h": 215
      },
      "dir": {
        "x": 0.021213987014444744,
        "y": 0.9997749580555371
      },
      "mag": 184.2231304464243
    },
    {
      "id": "p12",
      "bbox": {
        "x": 508,
        "y": 200,
        "w": 88,
        "h": 98
      },
      "dir": {
        "x": 0.7034304424378418,
        "y": -0.7107641047856188
      },
      "mag": 261.8636458719807
    },
    {
      "id": "p13",
      "bbox": {
        "x": 844,
        "y": 362,
        "w": 101,
        "h": 112
      },
      "dir": {
        "x": 0.9982918165292854,
        "y": -0.05842472978678907
      },
      "mag": 387.4813479566254
    },
    {
      "id": "p14",
      "bbox": {
        "x": 306,
        "y": 378,
        "w": 130,
        "h": 139
      },
      "dir": {
        "x": 0.9781665432808322,
        "y": 0.2078225531698325
      },
      "mag": 154.45698360432957
    },
    {
      "id": "p15",
      "bbox": {
        "x": 687,
        "y": 376,
        "w": 79,
        "h": 134
      },
      "dir": {
        "x": 0.9998667456570148,
        "y": 0.01632454989426092
      },
      "mag": 299.64952189009455
    },
    {
      "id": "p16",
      "bbox": {
        "x": 444,
        "y": 190,
        "w": 66,
        "h": 110
      },
      "dir": {
        "x": 0.5051078420538384,
        "y": -0.8630562368094645
      },
      "mag": 241.55758184508596
    },
    {
      "id": "p17",
      "bbox": {
        "x": 418,
        "y": 431,
        "w": 124,
        "h": 112
      },
      "dir": {
        "x": 0.9070532472040389,
        "y": 0.4210159221889459
      },
      "mag": 195.92388702997016
    },
    {
      "id": "p18",
      "bbox": {
        "x": 717,
        "y": 368,
        "w": 78,
        "h": 132
      },
      "dir": {
        "x": 0.9989434118455593,
        "y": -0.045957153201141195
      },
      "mag": 324.62254230806514
    },
    {
      "id": "p19",
      "bbox": {
        "x": 956,
        "y": 200,
        "w": 64,
        "h": 98
      },
      "dir": {
        "x": 0.9547484743107064,
        "y": -0.2974144428257956
      },
      "mag": 450.0
    },
    {
      "id": "p20",
      "bbox": {
        "x": 565,
        "y": 364,
        "w": 61,
        "h": 99
      },
      "dir": {
        "x": 0.9897111714213264,
        "y": -0.1430796881595219
      },
      "mag": 247.2326417602655
    },
    {
      "id": "p21",
      "bbox": {
        "x": 225,
        "y": 115,
        "w": 129,
        "h": 83
      },
      "dir": {
        "x": -0.2352294238808269,
        "y": -0.9719398737271222
      },
      "mag": 270.7248232565097
    },
    {
      "id": "p22",
      "bbox": {
        "x": 791,
        "y": 328,
        "w": 227,
        "h": 15
      },
      "dir": {
        "x": 0.9807670620889937,
        "y": -0.19518188932717115
      },
      "mag": 397.9496912354342
    },
    {
      "id": "p23",
      "bbox": {
        "x": 846,
        "y": 451,
        "w": 101,
        "h": 60
      },
      "dir": {
        "x": 0.9971232156706278,
        "y": 0.07579770953443479
      },
      "mag": 388.7039916087213
    },
    {
      "id": "p24",
      "bbox": {
        "x": 166,
        "y": 253,
        "w": 74,
        "h": 83
      },
      "dir": {
        "x": -0.7414761609640866,
        "y": -0.6709792118403965
      },
      "mag": 232.7037416815471
    },
    {
      "id": "p25",
      "bbox": {
        "x": 545,
        "y": 599,
        "w": 105,
        "h": 56
      },
      "dir": {
        "x": 0.8061493079884191,
        "y": 0.5917121709326191
      },
      "mag": 272.5207979528473
    },
    {
      "id": "p26",
      "bbox": {
        "x": 633,
        "y": 556,
        "w": 109,
        "h": 37
      },
      "dir": {
        "x": 0.9265741447261112,
        "y": 0.3761121565770978
      },
      "mag": 295.9837416855577
    },
    {
      "id": "p27",
      "bbox": {
        "x": 354,
        "y": 525,
        "w": 68,
        "h": 42
      },
      "dir": {
        "x": 0.2921191358646865,
        "y": 0.9563819375446553
      },
      "mag": 186.71705808108769
    },
    {
      "id": "p28",
      "bbox": {
        "x": 713,
        "y": 634,
        "w": 80,
        "h": 53
      },
      "dir": {
        "x": 0.8827403638420829,
        "y": 0.46986109654231556
      },
      "mag": 342.79516231786226
    },
    {
      "id": "p29",
      "bbox": {
        "x": 595,
        "y": 258,
        "w": 40,
        "h": 38
      },
      "dir": {
        "x": 0.8393498186042944,
        "y": -0.5435916500544671
      },
      "mag": 273.97070616919996
    },
    {
      "id": "p30",
      "bbox": {
        "x": 234,
        "y": 596,
        "w": 36,
        "h": 51
      },
      "dir": {
        "x": -0.5121027913846112,
        "y": 0.858924170725268
      },
      "mag": 227.34966618928559
    }
  ]
}