{
  "width": 3000,
  "height": 2000,
  "center": {
    "x": 889.9141979178625,
    "y": 1106.442343861756
  },
  "pieces": [
    {
      "id": "p01",
      "centroid": {
        "x": 759.6329656135285,
        "y": 743.6609221329965
      },
      "dir": {
        "x": -0.3379842625262773,
        "y": -0.9411517615584474
      },
      "mag": 366.1800827110466
    },
    {
      "id": "p02",
      "centroid": {
        "x": 1449.0272559512825,
        "y": 612.6035984498985
      },
      "dir": {
        "x": 0.7495027802217115,
        "y": -0.6620011951952389
      },
      "mag": 479.51195023544
    },
    {
      "id": "p03",
      "centroid": {
        "x": 1780.6764862164978,
        "y": 623.546387808455
      },
      "dir": {
        "x": 0.8791267021997838,
        "y": -0.47658812561721753
      },
      "mag": 567.4259533158913
    },
    {
      "id": "p04",
      "centroid": {
        "x": 2235.4033105674416,
        "y": 1093.5465585450825
      },
      "dir": {
        "x": 0.9999540722364908,
        "y": -0.009584018867831326
      },
      "mag": 680.0
    },
    {
      "id": "p05",
      "centroid": {
        "x": 1570.6311636455825,
        "y": 1085.6022626441882
      },
      "dir": {
        "x": 0.9995316931492113,
        "y": -0.030600561927370155
      },
      "mag": 458.584866134917
    },
    {
      "id": "p06",
      "centroid": {
        "x": 2047.3063097917839,
        "y": 1091.701463140124
      },
      "dir": {
        "x": 0.9999189033340402,
        "y": -0.012735256387299318
      },
      "mag": 615.8987443203032
    },
    {
      "id": "p07",
      "centroid": {
        "x": 996.2336702954899,
        "y": 1025.0110160705028
      },
      "dir": {
        "x": 0.7938956780244243,
        "y": -0.6080539880751868
      },
      "mag": 293.1889455769875
    },
    {
      "id": "p08",
      "centroid": {
        "x": 697.173108265425,
        "y": 1505.0207217694995
      },
      "dir": {
        "x": -0.43534236212031513,
        "y": 0.9002649764061158
      },
      "mag": 383.6564746670686
    },
    {
      "id": "p09",
      "centroid": {
        "x": 969.3584556556062,
        "y": 1364.7541630689527
      },
      "dir": {
        "x": 0.293963137500497,
        "y": 0.9558167574335908
      },
      "mag": 331.8465210957934
    },
    {
      "id": "p10",
      "centroid": {
        "x": 565.9386189258312,
        "y": 1385.001162520344
      },
      "dir": {
        "x": -0.7582548223912617,
        "y": 0.6519582995256646
      },
      "mag": 378.91207167194773
    },
    {
      "id": "p11",
      "centroid": {
        "x": 1309.1990430622009,
        "y": 1410.4017344497609
      },
      "dir": {
        "x": 0.8096307428712147,
        "y": 0.5869395711636803
      },
      "mag": 406.92765072442893
    },
    {
      "id": "p12",
      "centroid": {
        "x": 1173.6646468144045,
        "y": 1438.009002770083
      },
      "dir": {
        "x": 0.6501973494682047,
        "y": 0.7597653629539327
      },
      "mag": 381.7137494127969
    },
    {
      "id": "p13",
      "centroid": {
        "x": 1348.7846651913778,
        "y": 1586.1497090402427
      },
      "dir": {
        "x": 0.6912383348849634,
        "y": 0.7226268500308186
      },
      "mag": 453.07572034670216
    }
  ]
}