{
  "width": 1200,
  "height": 800,
  "pieces": [
    {
      "id": "piece-p01",
      "x": 0,
      "y": 0,
      "w": 120,
      "h": 89,
      "dx": -540.0,
      "dy": -355.5
    },
    {
      "id": "piece-p02",
      "x": 120,
      "y": 0,
      "w": 120,
      "h": 89,
      "dx": -420.0,
      "dy": -355.5
    },
    {
      "id": "piece-p03",
      "x": 240,
      "y": 0,
      "w": 120,
      "h": 89,
      "dx": -300.0,
      "dy": -355.5
    },
    {
      "id": "piece-p04",
      "x": 360,
      "y": 0,
      "w": 120,
      "h": 89,
      "dx": -180.0,
      "dy": -355.5
    },
    {
      "id": "piece-p05",
      "x": 480,
      "y": 0,
      "w": 120,
      "h": 89,
      "dx": -60.0,
      "dy": -355.5
    },
    {
      "id": "piece-p06",
      "x": 600,
      "y": 0,
      "w": 120,
      "h": 89,
      "dx": 60.0,
      "dy": -355.5
    },
    {
      "id": "piece-p07",
      "x": 720,
      "y": 0,
      "w": 120,
      "h": 89,
      "dx": 180.0,
      "dy": -355.5
    },
    {
      "id": "piece-p08",
      "x": 840,
      "y": 0,
      "w": 120,
      "h": 89,
      "dx": 300.0,
      "dy": -355.5
    },
    {
      "id": "piece-p09",
      "x": 960,
      "y": 0,
      "w": 120,
      "h": 89,
      "dx": 420.0,
      "dy": -355.5
    },
    {
      "id": "piece-p10",
      "x": 1080,
      "y": 0,
      "w": 120,
      "h": 89,
      "dx": 540.0,
      "dy": -355.5
    },
    {
      "id": "piece-p11",
      "x": 0,
      "y": 89,
      "w": 120,
      "h": 89,
      "dx": -540.0,
      "dy": -266.5
    },
    {
      "id": "piece-p12",
      "x": 120,
      "y": 89,
      "w": 120,
      "h": 89,
      "dx": -420.0,
      "dy": -266.5
    },
    {
      "id": "piece-p13",
      "x": 240,
      "y": 89,
      "w": 120,
      "h": 89,
      "dx": -300.0,
      "dy": -266.5
    },
    {
      "id": "piece-p14",
      "x": 360,
      "y": 89,
      "w": 120,
      "h": 89,
      "dx": -180.0,
      "dy": -266.5
    },
    {
      "id": "piece-p15",
      "x": 480,
      "y": 89,
      "w": 120,
      "h": 89,
      "dx": -60.0,
      "dy": -266.5
    },
    {
      "id": "piece-p16",
      "x": 600,
      "y": 89,
      "w": 120,
      "h": 89,
      "dx": 60.0,
      "dy": -266.5
    },
    {
      "id": "piece-p17",
      "x": 720,
      "y": 89,
      "w": 120,
      "h": 89,
      "dx": 180.0,
      "dy": -266.5
    },
    {
      "id": "piece-p18",
      "x": 840,
      "y": 89,
      "w": 120,
      "h": 89,
      "dx": 300.0,
      "dy": -266.5
    },
    {
      "id": "piece-p19",
      "x": 960,
      "y": 89,
      "w": 120,
      "h": 89,
      "dx": 420.0,
      "dy": -266.5
    },
    {
      "id": "piece-p20",
      "x": 1080,
      "y": 89,
      "w": 120,
      "h": 89,
      "dx": 540.0,
      "dy": -266.5
    },
    {
      "id": "piece-p21",
      "x": 0,
      "y": 178,
      "w": 120,
      "h": 89,
      "dx": -540.0,
      "dy": -177.5
    },
    {
      "id": "piece-p22",
      "x": 120,
      "y": 178,
      "w": 120,
      "h": 89,
      "dx": -420.0,
      "dy": -177.5
    },
    {
      "id": "piece-p23",
      "x": 240,
      "y": 178,
      "w": 120,
      "h": 89,
      "dx": -300.0,
      "dy": -177.5
    },
    {
      "id": "piece-p24",
      "x": 360,
      "y": 178,
      "w": 120,
      "h": 89,
      "dx": -180.0,
      "dy": -177.5
    },
    {
      "id": "piece-p25",
      "x": 480,
      "y": 178,
      "w": 120,
      "h": 89,
      "dx": -60.0,
      "dy": -177.5
    },
    {
      "id": "piece-p26",
      "x": 600,
      "y": 178,
      "w": 120,
      "h": 89,
      "dx": 60.0,
      "dy": -177.5
    },
    {
      "id": "piece-p27",
      "x": 720,
      "y": 178,
      "w": 120,
      "h": 89,
      "dx": 180.0,
      "dy": -177.5
    },
    {
      "id": "piece-p28",
      "x": 840,
      "y": 178,
      "w": 120,
      "h": 89,
      "dx": 300.0,
      "dy": -177.5
    },
    {
      "id": "piece-p29",
      "x": 960,
      "y": 178,
      "w": 120,
      "h": 89,
      "dx": 420.0,
      "dy": -177.5
    },
    {
      "id": "piece-p30",
      "x": 1080,
      "y": 178,
      "w": 120,
      "h": 89,
      "dx": 540.0,
      "dy": -177.5
    },
    {
      "id": "piece-p31",
      "x": 0,
      "y": 267,
      "w": 120,
      "h": 89,
      "dx": -540.0,
      "dy": -88.5
    },
    {
      "id": "piece-p32",
      "x": 120,
      "y": 267,
      "w": 120,
      "h": 89,
      "dx": -420.0,
      "dy": -88.5
    },
    {
      "id": "piece-p33",
      "x": 240,
      "y": 267,
      "w": 120,
      "h": 89,
      "dx": -300.0,
      "dy": -88.5
    },
    {
      "id": "piece-p34",
      "x": 360,
      "y": 267,
      "w": 120,
      "h": 89,
      "dx": -180.0,
      "dy": -88.5
    },
    {
      "id": "piece-p35",
      "x": 480,
      "y": 267,
      "w": 120,
      "h": 89,
      "dx": -60.0,
      "dy": -88.5
    },
    {
      "id": "piece-p36",
      "x": 600,
      "y": 267,
      "w": 120,
      "h": 89,
      "dx": 60.0,
      "dy": -88.5
    },
    {
      "id": "piece-p37",
      "x": 720,
      "y": 267,
      "w": 120,
      "h": 89,
      "dx": 180.0,
      "dy": -88.5
    },
    {
      "id": "piece-p38",
      "x": 840,
      "y": 267,
      "w": 120,
      "h": 89,
      "dx": 300.0,
      "dy": -88.5
    },
    {
      "id": "piece-p39",
      "x": 960,
      "y": 267,
      "w": 120,
      "h": 89,
      "dx": 420.0,
      "dy": -88.5
    },
    {
      "id": "piece-p40",
      "x": 1080,
      "y": 267,
      "w": 120,
      "h": 89,
      "dx": 540.0,
      "dy": -88.5
    },
    {
      "id": "piece-p41",
      "x": 0,
      "y": 356,
      "w": 120,
      "h": 88,
      "dx": -540.0,
      "dy": 0.0
    },
    {
      "id": "piece-p42",
      "x": 120,
      "y": 356,
      "w": 120,
      "h": 88,
      "dx": -420.0,
      "dy": 0.0
    },
    {
      "id": "piece-p43",
      "x": 240,
      "y": 356,
      "w": 120,
      "h": 88,
      "dx": -300.0,
      "dy": 0.0
    },
    {
      "id": "piece-p44",
      "x": 360,
      "y": 356,
      "w": 120,
      "h": 88,
      "dx": -180.0,
      "dy": 0.0
    },
    {
      "id": "piece-p45",
      "x": 480,
      "y": 356,
      "w": 120,
      "h": 88,
      "dx": -60.0,
      "dy": 0.0
    },
    {
      "id": "piece-p46",
      "x": 600,
      "y": 356,
      "w": 120,
      "h": 88,
      "dx": 60.0,
      "dy": 0.0
    },
    {
      "id": "piece-p47",
      "x": 720,
      "y": 356,
      "w": 120,
      "h": 88,
      "dx": 180.0,
      "dy": 0.0
    },
    {
      "id": "piece-p48",
      "x": 840,
      "y": 356,
      "w": 120,
      "h": 88,
      "dx": 300.0,
      "dy": 0.0
    },
    {
      "id": "piece-p49",
      "x": 960,
      "y": 356,
      "w": 120,
      "h": 88,
      "dx": 420.0,
      "dy": 0.0
    },
    {
      "id": "piece-p50",
      "x": 1080,
      "y": 356,
      "w": 120,
      "h": 88,
      "dx": 540.0,
      "dy": 0.0
    },
    {
      "id": "piece-p51",
      "x": 0,
      "y": 444,
      "w": 120,
      "h": 89,
      "dx": -540.0,
      "dy": 88.5
    },
    {
      "id": "piece-p52",
      "x": 120,
      "y": 444,
      "w": 120,
      "h": 89,
      "dx": -420.0,
      "dy": 88.5
    },
    {
      "id": "piece-p53",
      "x": 240,
      "y": 444,
      "w": 120,
      "h": 89,
      "dx": -300.0,
      "dy": 88.5
    },
    {
      "id": "piece-p54",
      "x": 360,
      "y": 444,
      "w": 120,
      "h": 89,
      "dx": -180.0,
      "dy": 88.5
    },
    {
      "id": "piece-p55",
      "x": 480,
      "y": 444,
      "w": 120,
      "h": 89,
      "dx": -60.0,
      "dy": 88.5
    },
    {
      "id": "piece-p56",
      "x": 600,
      "y": 444,
      "w": 120,
      "h": 89,
      "dx": 60.0,
      "dy": 88.5
    },
    {
      "id": "piece-p57",
      "x": 720,
      "y": 444,
      "w": 120,
      "h": 89,
      "dx": 180.0,
      "dy": 88.5
    },
    {
      "id": "piece-p58",
      "x": 840,
      "y": 444,
      "w": 120,
      "h": 89,
      "dx": 300.0,
      "dy": 88.5
    },
    {
      "id": "piece-p59",
      "x": 960,
      "y": 444,
      "w": 120,
      "h": 89,
      "dx": 420.0,
      "dy": 88.5
    },
    {
      "id": "piece-p60",
      "x": 1080,
      "y": 444,
      "w": 120,
      "h": 89,
      "dx": 540.0,
      "dy": 88.5
    },
    {
      "id": "piece-p61",
      "x": 0,
      "y": 533,
      "w": 120,
      "h": 89,
      "dx": -540.0,
      "dy": 177.5
    },
    {
      "id": "piece-p62",
      "x": 120,
      "y": 533,
      "w": 120,
      "h": 89,
      "dx": -420.0,
      "dy": 177.5
    },
    {
      "id": "piece-p63",
      "x": 240,
      "y": 533,
      "w": 120,
      "h": 89,
      "dx": -300.0,
      "dy": 177.5
    },
    {
      "id": "piece-p64",
      "x": 360,
      "y": 533,
      "w": 120,
      "h": 89,
      "dx": -180.0,
      "dy": 177.5
    },
    {
      "id": "piece-p65",
      "x": 480,
      "y": 533,
      "w": 120,
      "h": 89,
      "dx": -60.0,
      "dy": 177.5
    },
    {
      "id": "piece-p66",
      "x": 600,
      "y": 533,
      "w": 120,
      "h": 89,
      "dx": 60.0,
      "dy": 177.5
    },
    {
      "id": "piece-p67",
      "x": 720,
      "y": 533,
      "w": 120,
      "h": 89,
      "dx": 180.0,
      "dy": 177.5
    },
    {
      "id": "piece-p68",
      "x": 840,
      "y": 533,
      "w": 120,
      "h": 89,
      "dx": 300.0,
      "dy": 177.5
    },
    {
      "id": "piece-p69",
      "x": 960,
      "y": 533,
      "w": 120,
      "h": 89,
      "dx": 420.0,
      "dy": 177.5
    },
    {
      "id": "piece-p70",
      "x": 1080,
      "y": 533,
      "w": 120,
      "h": 89,
      "dx": 540.0,
      "dy": 177.5
    },
    {
      "id": "piece-p71",
      "x": 0,
      "y": 622,
      "w": 120,
      "h": 89,
      "dx": -540.0,
      "dy": 266.5
    },
    {
      "id": "piece-p72",
      "x": 120,
      "y": 622,
      "w": 120,
      "h": 89,
      "dx": -420.0,
      "dy": 266.5
    },
    {
      "id": "piece-p73",
      "x": 240,
      "y": 622,
      "w": 120,
      "h": 89,
      "dx": -300.0,
      "dy": 266.5
    },
    {
      "id": "piece-p74",
      "x": 360,
      "y": 622,
      "w": 120,
      "h": 89,
      "dx": -180.0,
      "dy": 266.5
    },
    {
      "id": "piece-p75",
      "x": 480,
      "y": 622,
      "w": 120,
      "h": 89,
      "dx": -60.0,
      "dy": 266.5
    },
    {
      "id": "piece-p76",
      "x": 600,
      "y": 622,
      "w": 120,
      "h": 89,
      "dx": 60.0,
      "dy": 266.5
    },
    {
      "id": "piece-p77",
      "x": 720,
      "y": 622,
      "w": 120,
      "h": 89,
      "dx": 180.0,
      "dy": 266.5
    },
    {
      "id": "piece-p78",
      "x": 840,
      "y": 622,
      "w": 120,
      "h": 89,
      "dx": 300.0,
      "dy": 266.5
    },
    {
      "id": "piece-p79",
      "x": 960,
      "y": 622,
      "w": 120,
      "h": 89,
      "dx": 420.0,
      "dy": 266.5
    },
    {
      "id": "piece-p80",
      "x": 1080,
      "y": 622,
      "w": 120,
      "h": 89,
      "dx": 540.0,
      "dy": 266.5
    },
    {
      "id": "piece-p81",
      "x": 0,
      "y": 711,
      "w": 120,
      "h": 89,
      "dx": -540.0,
      "dy": 355.5
    },
    {
      "id": "piece-p82",
      "x": 120,
      "y": 711,
      "w": 120,
      "h": 89,
      "dx": -420.0,
      "dy": 355.5
    },
    {
      "id": "piece-p83",
      "x": 240,
      "y": 711,
      "w": 120,
      "h": 89,
      "dx": -300.0,
      "dy": 355.5
    },
    {
      "id": "piece-p84",
      "x": 360,
      "y": 711,
      "w": 120,
      "h": 89,
      "dx": -180.0,
      "dy": 355.5
    },
    {
      "id": "piece-p85",
      "x": 480,
      "y": 711,
      "w": 120,
      "h": 89,
      "dx": -60.0,
      "dy": 355.5
    },
    {
      "id": "piece-p86",
      "x": 600,
      "y": 711,
      "w": 120,
      "h": 89,
      "dx": 60.0,
      "dy": 355.5
    },
    {
      "id": "piece-p87",
      "x": 720,
      "y": 711,
      "w": 120,
      "h": 89,
      "dx": 180.0,
      "dy": 355.5
    },
    {
      "id": "piece-p88",
      "x": 840,
      "y": 711,
      "w": 120,
      "h": 89,
      "dx": 300.0,
      "dy": 355.5
    },
    {
      "id": "piece-p89",
      "x": 960,
      "y": 711,
      "w": 120,
      "h": 89,
      "dx": 420.0,
      "dy": 355.5
    },
    {
      "id": "piece-p90",
      "x": 1080,
      "y": 711,
      "w": 120,
      "h": 89,
      "dx": 540.0,
      "dy": 355.5
    }
  ]
}