{
  "width": 1200,
  "height": 800,
  "pieces": [
    {
      "id": "p001",
      "src": "assets/intro/shards90/p001.webp",
      "x": 0,
      "y": 0,
      "w": 120,
      "h": 89,
      "dx": -540.0,
      "dy": -355.5
    },
    {
      "id": "p002",
      "src": "assets/intro/shards90/p002.webp",
      "x": 120,
      "y": 0,
      "w": 120,
      "h": 89,
      "dx": -420.0,
      "dy": -355.5
    },
    {
      "id": "p003",
      "src": "assets/intro/shards90/p003.webp",
      "x": 240,
      "y": 0,
      "w": 120,
      "h": 89,
      "dx": -300.0,
      "dy": -355.5
    },
    {
      "id": "p004",
      "src": "assets/intro/shards90/p004.webp",
      "x": 360,
      "y": 0,
      "w": 120,
      "h": 89,
      "dx": -180.0,
      "dy": -355.5
    },
    {
      "id": "p005",
      "src": "assets/intro/shards90/p005.webp",
      "x": 480,
      "y": 0,
      "w": 120,
      "h": 89,
      "dx": -60.0,
      "dy": -355.5
    },
    {
      "id": "p006",
      "src": "assets/intro/shards90/p006.webp",
      "x": 600,
      "y": 0,
      "w": 120,
      "h": 89,
      "dx": 60.0,
      "dy": -355.5
    },
    {
      "id": "p007",
      "src": "assets/intro/shards90/p007.webp",
      "x": 720,
      "y": 0,
      "w": 120,
      "h": 89,
      "dx": 180.0,
      "dy": -355.5
    },
    {
      "id": "p008",
      "src": "assets/intro/shards90/p008.webp",
      "x": 840,
      "y": 0,
      "w": 120,
      "h": 89,
      "dx": 300.0,
      "dy": -355.5
    },
    {
      "id": "p009",
      "src": "assets/intro/shards90/p009.webp",
      "x": 960,
      "y": 0,
      "w": 120,
      "h": 89,
      "dx": 420.0,
      "dy": -355.5
    },
    {
      "id": "p010",
      "src": "assets/intro/shards90/p010.webp",
      "x": 1080,
      "y": 0,
      "w": 120,
      "h": 89,
      "dx": 540.0,
      "dy": -355.5
    },
    {
      "id": "p011",
      "src": "assets/intro/shards90/p011.webp",
      "x": 0,
      "y": 89,
      "w": 120,
      "h": 89,
      "dx": -540.0,
      "dy": -266.5
    },
    {
      "id": "p012",
      "src": "assets/intro/shards90/p012.webp",
      "x": 120,
      "y": 89,
      "w": 120,
      "h": 89,
      "dx": -420.0,
      "dy": -266.5
    },
    {
      "id": "p013",
      "src": "assets/intro/shards90/p013.webp",
      "x": 240,
      "y": 89,
      "w": 120,
      "h": 89,
      "dx": -300.0,
      "dy": -266.5
    },
    {
      "id": "p014",
      "src": "assets/intro/shards90/p014.webp",
      "x": 360,
      "y": 89,
      "w": 120,
      "h": 89,
      "dx": -180.0,
      "dy": -266.5
    },
    {
      "id": "p015",
      "src": "assets/intro/shards90/p015.webp",
      "x": 480,
      "y": 89,
      "w": 120,
      "h": 89,
      "dx": -60.0,
      "dy": -266.5
    },
    {
      "id": "p016",
      "src": "assets/intro/shards90/p016.webp",
      "x": 600,
      "y": 89,
      "w": 120,
      "h": 89,
      "dx": 60.0,
      "dy": -266.5
    },
    {
      "id": "p017",
      "src": "assets/intro/shards90/p017.webp",
      "x": 720,
      "y": 89,
      "w": 120,
      "h": 89,
      "dx": 180.0,
      "dy": -266.5
    },
    {
      "id": "p018",
      "src": "assets/intro/shards90/p018.webp",
      "x": 840,
      "y": 89,
      "w": 120,
      "h": 89,
      "dx": 300.0,
      "dy": -266.5
    },
    {
      "id": "p019",
      "src": "assets/intro/shards90/p019.webp",
      "x": 960,
      "y": 89,
      "w": 120,
      "h": 89,
      "dx": 420.0,
      "dy": -266.5
    },
    {
      "id": "p020",
      "src": "assets/intro/shards90/p020.webp",
      "x": 1080,
      "y": 89,
      "w": 120,
      "h": 89,
      "dx": 540.0,
      "dy": -266.5
    },
    {
      "id": "p021",
      "src": "assets/intro/shards90/p021.webp",
      "x": 0,
      "y": 178,
      "w": 120,
      "h": 89,
      "dx": -540.0,
      "dy": -177.5
    },
    {
      "id": "p022",
      "src": "assets/intro/shards90/p022.webp",
      "x": 120,
      "y": 178,
      "w": 120,
      "h": 89,
      "dx": -420.0,
      "dy": -177.5
    },
    {
      "id": "p023",
      "src": "assets/intro/shards90/p023.webp",
      "x": 240,
      "y": 178,
      "w": 120,
      "h": 89,
      "dx": -300.0,
      "dy": -177.5
    },
    {
      "id": "p024",
      "src": "assets/intro/shards90/p024.webp",
      "x": 360,
      "y": 178,
      "w": 120,
      "h": 89,
      "dx": -180.0,
      "dy": -177.5
    },
    {
      "id": "p025",
      "src": "assets/intro/shards90/p025.webp",
      "x": 480,
      "y": 178,
      "w": 120,
      "h": 89,
      "dx": -60.0,
      "dy": -177.5
    },
    {
      "id": "p026",
      "src": "assets/intro/shards90/p026.webp",
      "x": 600,
      "y": 178,
      "w": 120,
      "h": 89,
      "dx": 60.0,
      "dy": -177.5
    },
    {
      "id": "p027",
      "src": "assets/intro/shards90/p027.webp",
      "x": 720,
      "y": 178,
      "w": 120,
      "h": 89,
      "dx": 180.0,
      "dy": -177.5
    },
    {
      "id": "p028",
      "src": "assets/intro/shards90/p028.webp",
      "x": 840,
      "y": 178,
      "w": 120,
      "h": 89,
      "dx": 300.0,
      "dy": -177.5
    },
    {
      "id": "p029",
      "src": "assets/intro/shards90/p029.webp",
      "x": 960,
      "y": 178,
      "w": 120,
      "h": 89,
      "dx": 420.0,
      "dy": -177.5
    },
    {
      "id": "p030",
      "src": "assets/intro/shards90/p030.webp",
      "x": 1080,
      "y": 178,
      "w": 120,
      "h": 89,
      "dx": 540.0,
      "dy": -177.5
    },
    {
      "id": "p031",
      "src": "assets/intro/shards90/p031.webp",
      "x": 0,
      "y": 267,
      "w": 120,
      "h": 89,
      "dx": -540.0,
      "dy": -88.5
    },
    {
      "id": "p032",
      "src": "assets/intro/shards90/p032.webp",
      "x": 120,
      "y": 267,
      "w": 120,
      "h": 89,
      "dx": -420.0,
      "dy": -88.5
    },
    {
      "id": "p033",
      "src": "assets/intro/shards90/p033.webp",
      "x": 240,
      "y": 267,
      "w": 120,
      "h": 89,
      "dx": -300.0,
      "dy": -88.5
    },
    {
      "id": "p034",
      "src": "assets/intro/shards90/p034.webp",
      "x": 360,
      "y": 267,
      "w": 120,
      "h": 89,
      "dx": -180.0,
      "dy": -88.5
    },
    {
      "id": "p035",
      "src": "assets/intro/shards90/p035.webp",
      "x": 480,
      "y": 267,
      "w": 120,
      "h": 89,
      "dx": -60.0,
      "dy": -88.5
    },
    {
      "id": "p036",
      "src": "assets/intro/shards90/p036.webp",
      "x": 600,
      "y": 267,
      "w": 120,
      "h": 89,
      "dx": 60.0,
      "dy": -88.5
    },
    {
      "id": "p037",
      "src": "assets/intro/shards90/p037.webp",
      "x": 720,
      "y": 267,
      "w": 120,
      "h": 89,
      "dx": 180.0,
      "dy": -88.5
    },
    {
      "id": "p038",
      "src": "assets/intro/shards90/p038.webp",
      "x": 840,
      "y": 267,
      "w": 120,
      "h": 89,
      "dx": 300.0,
      "dy": -88.5
    },
    {
      "id": "p039",
      "src": "assets/intro/shards90/p039.webp",
      "x": 960,
      "y": 267,
      "w": 120,
      "h": 89,
      "dx": 420.0,
      "dy": -88.5
    },
    {
      "id": "p040",
      "src": "assets/intro/shards90/p040.webp",
      "x": 1080,
      "y": 267,
      "w": 120,
      "h": 89,
      "dx": 540.0,
      "dy": -88.5
    },
    {
      "id": "p041",
      "src": "assets/intro/shards90/p041.webp",
      "x": 0,
      "y": 356,
      "w": 120,
      "h": 88,
      "dx": -540.0,
      "dy": 0.0
    },
    {
      "id": "p042",
      "src": "assets/intro/shards90/p042.webp",
      "x": 120,
      "y": 356,
      "w": 120,
      "h": 88,
      "dx": -420.0,
      "dy": 0.0
    },
    {
      "id": "p043",
      "src": "assets/intro/shards90/p043.webp",
      "x": 240,
      "y": 356,
      "w": 120,
      "h": 88,
      "dx": -300.0,
      "dy": 0.0
    },
    {
      "id": "p044",
      "src": "assets/intro/shards90/p044.webp",
      "x": 360,
      "y": 356,
      "w": 120,
      "h": 88,
      "dx": -180.0,
      "dy": 0.0
    },
    {
      "id": "p045",
      "src": "assets/intro/shards90/p045.webp",
      "x": 480,
      "y": 356,
      "w": 120,
      "h": 88,
      "dx": -60.0,
      "dy": 0.0
    },
    {
      "id": "p046",
      "src": "assets/intro/shards90/p046.webp",
      "x": 600,
      "y": 356,
      "w": 120,
      "h": 88,
      "dx": 60.0,
      "dy": 0.0
    },
    {
      "id": "p047",
      "src": "assets/intro/shards90/p047.webp",
      "x": 720,
      "y": 356,
      "w": 120,
      "h": 88,
      "dx": 180.0,
      "dy": 0.0
    },
    {
      "id": "p048",
      "src": "assets/intro/shards90/p048.webp",
      "x": 840,
      "y": 356,
      "w": 120,
      "h": 88,
      "dx": 300.0,
      "dy": 0.0
    },
    {
      "id": "p049",
      "src": "assets/intro/shards90/p049.webp",
      "x": 960,
      "y": 356,
      "w": 120,
      "h": 88,
      "dx": 420.0,
      "dy": 0.0
    },
    {
      "id": "p050",
      "src": "assets/intro/shards90/p050.webp",
      "x": 1080,
      "y": 356,
      "w": 120,
      "h": 88,
      "dx": 540.0,
      "dy": 0.0
    },
    {
      "id": "p051",
      "src": "assets/intro/shards90/p051.webp",
      "x": 0,
      "y": 444,
      "w": 120,
      "h": 89,
      "dx": -540.0,
      "dy": 88.5
    },
    {
      "id": "p052",
      "src": "assets/intro/shards90/p052.webp",
      "x": 120,
      "y": 444,
      "w": 120,
      "h": 89,
      "dx": -420.0,
      "dy": 88.5
    },
    {
      "id": "p053",
      "src": "assets/intro/shards90/p053.webp",
      "x": 240,
      "y": 444,
      "w": 120,
      "h": 89,
      "dx": -300.0,
      "dy": 88.5
    },
    {
      "id": "p054",
      "src": "assets/intro/shards90/p054.webp",
      "x": 360,
      "y": 444,
      "w": 120,
      "h": 89,
      "dx": -180.0,
      "dy": 88.5
    },
    {
      "id": "p055",
      "src": "assets/intro/shards90/p055.webp",
      "x": 480,
      "y": 444,
      "w": 120,
      "h": 89,
      "dx": -60.0,
      "dy": 88.5
    },
    {
      "id": "p056",
      "src": "assets/intro/shards90/p056.webp",
      "x": 600,
      "y": 444,
      "w": 120,
      "h": 89,
      "dx": 60.0,
      "dy": 88.5
    },
    {
      "id": "p057",
      "src": "assets/intro/shards90/p057.webp",
      "x": 720,
      "y": 444,
      "w": 120,
      "h": 89,
      "dx": 180.0,
      "dy": 88.5
    },
    {
      "id": "p058",
      "src": "assets/intro/shards90/p058.webp",
      "x": 840,
      "y": 444,
      "w": 120,
      "h": 89,
      "dx": 300.0,
      "dy": 88.5
    },
    {
      "id": "p059",
      "src": "assets/intro/shards90/p059.webp",
      "x": 960,
      "y": 444,
      "w": 120,
      "h": 89,
      "dx": 420.0,
      "dy": 88.5
    },
    {
      "id": "p060",
      "src": "assets/intro/shards90/p060.webp",
      "x": 1080,
      "y": 444,
      "w": 120,
      "h": 89,
      "dx": 540.0,
      "dy": 88.5
    },
    {
      "id": "p061",
      "src": "assets/intro/shards90/p061.webp",
      "x": 0,
      "y": 533,
      "w": 120,
      "h": 89,
      "dx": -540.0,
      "dy": 177.5
    },
    {
      "id": "p062",
      "src": "assets/intro/shards90/p062.webp",
      "x": 120,
      "y": 533,
      "w": 120,
      "h": 89,
      "dx": -420.0,
      "dy": 177.5
    },
    {
      "id": "p063",
      "src": "assets/intro/shards90/p063.webp",
      "x": 240,
      "y": 533,
      "w": 120,
      "h": 89,
      "dx": -300.0,
      "dy": 177.5
    },
    {
      "id": "p064",
      "src": "assets/intro/shards90/p064.webp",
      "x": 360,
      "y": 533,
      "w": 120,
      "h": 89,
      "dx": -180.0,
      "dy": 177.5
    },
    {
      "id": "p065",
      "src": "assets/intro/shards90/p065.webp",
      "x": 480,
      "y": 533,
      "w": 120,
      "h": 89,
      "dx": -60.0,
      "dy": 177.5
    },
    {
      "id": "p066",
      "src": "assets/intro/shards90/p066.webp",
      "x": 600,
      "y": 533,
      "w": 120,
      "h": 89,
      "dx": 60.0,
      "dy": 177.5
    },
    {
      "id": "p067",
      "src": "assets/intro/shards90/p067.webp",
      "x": 720,
      "y": 533,
      "w": 120,
      "h": 89,
      "dx": 180.0,
      "dy": 177.5
    },
    {
      "id": "p068",
      "src": "assets/intro/shards90/p068.webp",
      "x": 840,
      "y": 533,
      "w": 120,
      "h": 89,
      "dx": 300.0,
      "dy": 177.5
    },
    {
      "id": "p069",
      "src": "assets/intro/shards90/p069.webp",
      "x": 960,
      "y": 533,
      "w": 120,
      "h": 89,
      "dx": 420.0,
      "dy": 177.5
    },
    {
      "id": "p070",
      "src": "assets/intro/shards90/p070.webp",
      "x": 1080,
      "y": 533,
      "w": 120,
      "h": 89,
      "dx": 540.0,
      "dy": 177.5
    },
    {
      "id": "p071",
      "src": "assets/intro/shards90/p071.webp",
      "x": 0,
      "y": 622,
      "w": 120,
      "h": 89,
      "dx": -540.0,
      "dy": 266.5
    },
    {
      "id": "p072",
      "src": "assets/intro/shards90/p072.webp",
      "x": 120,
      "y": 622,
      "w": 120,
      "h": 89,
      "dx": -420.0,
      "dy": 266.5
    },
    {
      "id": "p073",
      "src": "assets/intro/shards90/p073.webp",
      "x": 240,
      "y": 622,
      "w": 120,
      "h": 89,
      "dx": -300.0,
      "dy": 266.5
    },
    {
      "id": "p074",
      "src": "assets/intro/shards90/p074.webp",
      "x": 360,
      "y": 622,
      "w": 120,
      "h": 89,
      "dx": -180.0,
      "dy": 266.5
    },
    {
      "id": "p075",
      "src": "assets/intro/shards90/p075.webp",
      "x": 480,
      "y": 622,
      "w": 120,
      "h": 89,
      "dx": -60.0,
      "dy": 266.5
    },
    {
      "id": "p076",
      "src": "assets/intro/shards90/p076.webp",
      "x": 600,
      "y": 622,
      "w": 120,
      "h": 89,
      "dx": 60.0,
      "dy": 266.5
    },
    {
      "id": "p077",
      "src": "assets/intro/shards90/p077.webp",
      "x": 720,
      "y": 622,
      "w": 120,
      "h": 89,
      "dx": 180.0,
      "dy": 266.5
    },
    {
      "id": "p078",
      "src": "assets/intro/shards90/p078.webp",
      "x": 840,
      "y": 622,
      "w": 120,
      "h": 89,
      "dx": 300.0,
      "dy": 266.5
    },
    {
      "id": "p079",
      "src": "assets/intro/shards90/p079.webp",
      "x": 960,
      "y": 622,
      "w": 120,
      "h": 89,
      "dx": 420.0,
      "dy": 266.5
    },
    {
      "id": "p080",
      "src": "assets/intro/shards90/p080.webp",
      "x": 1080,
      "y": 622,
      "w": 120,
      "h": 89,
      "dx": 540.0,
      "dy": 266.5
    },
    {
      "id": "p081",
      "src": "assets/intro/shards90/p081.webp",
      "x": 0,
      "y": 711,
      "w": 120,
      "h": 89,
      "dx": -540.0,
      "dy": 355.5
    },
    {
      "id": "p082",
      "src": "assets/intro/shards90/p082.webp",
      "x": 120,
      "y": 711,
      "w": 120,
      "h": 89,
      "dx": -420.0,
      "dy": 355.5
    },
    {
      "id": "p083",
      "src": "assets/intro/shards90/p083.webp",
      "x": 240,
      "y": 711,
      "w": 120,
      "h": 89,
      "dx": -300.0,
      "dy": 355.5
    },
    {
      "id": "p084",
      "src": "assets/intro/shards90/p084.webp",
      "x": 360,
      "y": 711,
      "w": 120,
      "h": 89,
      "dx": -180.0,
      "dy": 355.5
    },
    {
      "id": "p085",
      "src": "assets/intro/shards90/p085.webp",
      "x": 480,
      "y": 711,
      "w": 120,
      "h": 89,
      "dx": -60.0,
      "dy": 355.5
    },
    {
      "id": "p086",
      "src": "assets/intro/shards90/p086.webp",
      "x": 600,
      "y": 711,
      "w": 120,
      "h": 89,
      "dx": 60.0,
      "dy": 355.5
    },
    {
      "id": "p087",
      "src": "assets/intro/shards90/p087.webp",
      "x": 720,
      "y": 711,
      "w": 120,
      "h": 89,
      "dx": 180.0,
      "dy": 355.5
    },
    {
      "id": "p088",
      "src": "assets/intro/shards90/p088.webp",
      "x": 840,
      "y": 711,
      "w": 120,
      "h": 89,
      "dx": 300.0,
      "dy": 355.5
    },
    {
      "id": "p089",
      "src": "assets/intro/shards90/p089.webp",
      "x": 960,
      "y": 711,
      "w": 120,
      "h": 89,
      "dx": 420.0,
      "dy": 355.5
    },
    {
      "id": "p090",
      "src": "assets/intro/shards90/p090.webp",
      "x": 1080,
      "y": 711,
      "w": 120,
      "h": 89,
      "dx": 540.0,
      "dy": 355.5
    }
  ]
}