{
  "assets/bandeaux/M01/image.gif": {
    "w": 450,
    "h": 800,
    "variants": [
      {
        "w": 450,
        "h": 800,
        "path": "assets/bandeaux/M01/image_w450.webp"
      },
      {
        "w": 450,
        "h": 800,
        "path": "assets/bandeaux/M01/image_w450.webp"
      },
      {
        "w": 450,
        "h": 800,
        "path": "assets/bandeaux/M01/image_w450.webp"
      }
    ]
  },
  "assets/galerie/galerie02.jpg": {
    "w": 3790,
    "h": 3022,
    "variants": [
      {
        "w": 640,
        "h": 510,
        "path": "assets/galerie/galerie02_w640.webp"
      },
      {
        "w": 1280,
        "h": 1021,
        "path": "assets/galerie/galerie02_w1280.webp"
      },
      {
        "w": 2000,
        "h": 1595,
        "path": "assets/galerie/galerie02_w2000.webp"
      }
    ]
  },
  "assets/galerie/galerie01.jpg": {
    "w": 3563,
    "h": 3563,
    "variants": [
      {
        "w": 640,
        "h": 640,
        "path": "assets/galerie/galerie01_w640.webp"
      },
      {
        "w": 1280,
        "h": 1280,
        "path": "assets/galerie/galerie01_w1280.webp"
      },
      {
        "w": 2000,
        "h": 2000,
        "path": "assets/galerie/galerie01_w2000.webp"
      }
    ]
  },
  "assets/bandeaux/M10/image.png": {
    "w": 1024,
    "h": 1024,
    "variants": [
      {
        "w": 640,
        "h": 640,
        "path": "assets/bandeaux/M10/image_w640.webp"
      },
      {
        "w": 1024,
        "h": 1024,
        "path": "assets/bandeaux/M10/image_w1024.webp"
      },
      {
        "w": 1024,
        "h": 1024,
        "path": "assets/bandeaux/M10/image_w1024.webp"
      }
    ]
  },
  "assets/bandeaux/M03/file_0000000091d861f4bc4b2a85cd31526a.png": {
    "w": 1024,
    "h": 1024,
    "variants": [
      {
        "w": 640,
        "h": 640,
        "path": "assets/bandeaux/M03/file_0000000091d861f4bc4b2a85cd31526a_w640.webp"
      },
      {
        "w": 1024,
        "h": 1024,
        "path": "assets/bandeaux/M03/file_0000000091d861f4bc4b2a85cd31526a_w1024.webp"
      },
      {
        "w": 1024,
        "h": 1024,
        "path": "assets/bandeaux/M03/file_0000000091d861f4bc4b2a85cd31526a_w1024.webp"
      }
    ]
  },
  "assets/bandeaux/M03/image.png": {
    "w": 1024,
    "h": 1024,
    "variants": [
      {
        "w": 640,
        "h": 640,
        "path": "assets/bandeaux/M03/image_w640.webp"
      },
      {
        "w": 1024,
        "h": 1024,
        "path": "assets/bandeaux/M03/image_w1024.webp"
      },
      {
        "w": 1024,
        "h": 1024,
        "path": "assets/bandeaux/M03/image_w1024.webp"
      }
    ]
  },
  "assets/bandeaux/M02/file_000000001b746246ad189751c88445f0.png": {
    "w": 1024,
    "h": 1024,
    "variants": [
      {
        "w": 640,
        "h": 640,
        "path": "assets/bandeaux/M02/file_000000001b746246ad189751c88445f0_w640.webp"
      },
      {
        "w": 1024,
        "h": 1024,
        "path": "assets/bandeaux/M02/file_000000001b746246ad189751c88445f0_w1024.webp"
      },
      {
        "w": 1024,
        "h": 1024,
        "path": "assets/bandeaux/M02/file_000000001b746246ad189751c88445f0_w1024.webp"
      }
    ]
  },
  "assets/bandeaux/M02/image.png": {
    "w": 1024,
    "h": 1024,
    "variants": [
      {
        "w": 640,
        "h": 640,
        "path": "assets/bandeaux/M02/image_w640.webp"
      },
      {
        "w": 1024,
        "h": 1024,
        "path": "assets/bandeaux/M02/image_w1024.webp"
      },
      {
        "w": 1024,
        "h": 1024,
        "path": "assets/bandeaux/M02/image_w1024.webp"
      }
    ]
  },
  "assets/bandeaux/M06/file_00000000e00c620a9c63156711bde510.png": {
    "w": 1024,
    "h": 1024,
    "variants": [
      {
        "w": 640,
        "h": 640,
        "path": "assets/bandeaux/M06/file_00000000e00c620a9c63156711bde510_w640.webp"
      },
      {
        "w": 1024,
        "h": 1024,
        "path": "assets/bandeaux/M06/file_00000000e00c620a9c63156711bde510_w1024.webp"
      },
      {
        "w": 1024,
        "h": 1024,
        "path": "assets/bandeaux/M06/file_00000000e00c620a9c63156711bde510_w1024.webp"
      }
    ]
  },
  "assets/bandeaux/M06/image.png": {
    "w": 1024,
    "h": 1024,
    "variants": [
      {
        "w": 640,
        "h": 640,
        "path": "assets/bandeaux/M06/image_w640.webp"
      },
      {
        "w": 1024,
        "h": 1024,
        "path": "assets/bandeaux/M06/image_w1024.webp"
      },
      {
        "w": 1024,
        "h": 1024,
        "path": "assets/bandeaux/M06/image_w1024.webp"
      }
    ]
  },
  "assets/logo.png": {
    "w": 1024,
    "h": 1024,
    "variants": [
      {
        "w": 640,
        "h": 640,
        "path": "assets/logo_w640.webp"
      },
      {
        "w": 1024,
        "h": 1024,
        "path": "assets/logo_w1024.webp"
      },
      {
        "w": 1024,
        "h": 1024,
        "path": "assets/logo_w1024.webp"
      }
    ]
  },
  "assets/bandeaux/M05/file_0000000019b8620aaf763fc03240ef9d.png": {
    "w": 1024,
    "h": 1024,
    "variants": [
      {
        "w": 640,
        "h": 640,
        "path": "assets/bandeaux/M05/file_0000000019b8620aaf763fc03240ef9d_w640.webp"
      },
      {
        "w": 1024,
        "h": 1024,
        "path": "assets/bandeaux/M05/file_0000000019b8620aaf763fc03240ef9d_w1024.webp"
      },
      {
        "w": 1024,
        "h": 1024,
        "path": "assets/bandeaux/M05/file_0000000019b8620aaf763fc03240ef9d_w1024.webp"
      }
    ]
  },
  "assets/bandeaux/M05/image.png": {
    "w": 1024,
    "h": 1024,
    "variants": [
      {
        "w": 640,
        "h": 640,
        "path": "assets/bandeaux/M05/image_w640.webp"
      },
      {
        "w": 1024,
        "h": 1024,
        "path": "assets/bandeaux/M05/image_w1024.webp"
      },
      {
        "w": 1024,
        "h": 1024,
        "path": "assets/bandeaux/M05/image_w1024.webp"
      }
    ]
  },
  "assets/bandeaux/M01/image.png": {
    "w": 1024,
    "h": 1024,
    "variants": [
      {
        "w": 640,
        "h": 640,
        "path": "assets/bandeaux/M01/image_w640.webp"
      },
      {
        "w": 1024,
        "h": 1024,
        "path": "assets/bandeaux/M01/image_w1024.webp"
      },
      {
        "w": 1024,
        "h": 1024,
        "path": "assets/bandeaux/M01/image_w1024.webp"
      }
    ]
  },
  "assets/bandeaux/M08/file_0000000022ec6243b56595d60252d98d.png": {
    "w": 1024,
    "h": 1024,
    "variants": [
      {
        "w": 640,
        "h": 640,
        "path": "assets/bandeaux/M08/file_0000000022ec6243b56595d60252d98d_w640.webp"
      },
      {
        "w": 1024,
        "h": 1024,
        "path": "assets/bandeaux/M08/file_0000000022ec6243b56595d60252d98d_w1024.webp"
      },
      {
        "w": 1024,
        "h": 1024,
        "path": "assets/bandeaux/M08/file_0000000022ec6243b56595d60252d98d_w1024.webp"
      }
    ]
  },
  "assets/bandeaux/M08/image.png": {
    "w": 1024,
    "h": 1024,
    "variants": [
      {
        "w": 640,
        "h": 640,
        "path": "assets/bandeaux/M08/image_w640.webp"
      },
      {
        "w": 1024,
        "h": 1024,
        "path": "assets/bandeaux/M08/image_w1024.webp"
      },
      {
        "w": 1024,
        "h": 1024,
        "path": "assets/bandeaux/M08/image_w1024.webp"
      }
    ]
  },
  "assets/bandeaux/M07/image.png": {
    "w": 1024,
    "h": 1024,
    "variants": [
      {
        "w": 640,
        "h": 640,
        "path": "assets/bandeaux/M07/image_w640.webp"
      },
      {
        "w": 1024,
        "h": 1024,
        "path": "assets/bandeaux/M07/image_w1024.webp"
      },
      {
        "w": 1024,
        "h": 1024,
        "path": "assets/bandeaux/M07/image_w1024.webp"
      }
    ]
  },
  "assets/bandeaux/M09/file_000000004a986243bac3b86095d0294c.png": {
    "w": 1024,
    "h": 1024,
    "variants": [
      {
        "w": 640,
        "h": 640,
        "path": "assets/bandeaux/M09/file_000000004a986243bac3b86095d0294c_w640.webp"
      },
      {
        "w": 1024,
        "h": 1024,
        "path": "assets/bandeaux/M09/file_000000004a986243bac3b86095d0294c_w1024.webp"
      },
      {
        "w": 1024,
        "h": 1024,
        "path": "assets/bandeaux/M09/file_000000004a986243bac3b86095d0294c_w1024.webp"
      }
    ]
  },
  "assets/bandeaux/M09/image.png": {
    "w": 1024,
    "h": 1024,
    "variants": [
      {
        "w": 640,
        "h": 640,
        "path": "assets/bandeaux/M09/image_w640.webp"
      },
      {
        "w": 1024,
        "h": 1024,
        "path": "assets/bandeaux/M09/image_w1024.webp"
      },
      {
        "w": 1024,
        "h": 1024,
        "path": "assets/bandeaux/M09/image_w1024.webp"
      }
    ]
  },
  "assets/bandeaux/M04/file_00000000fea461f4994af8a8621f138e.png": {
    "w": 1024,
    "h": 1024,
    "variants": [
      {
        "w": 640,
        "h": 640,
        "path": "assets/bandeaux/M04/file_00000000fea461f4994af8a8621f138e_w640.webp"
      },
      {
        "w": 1024,
        "h": 1024,
        "path": "assets/bandeaux/M04/file_00000000fea461f4994af8a8621f138e_w1024.webp"
      },
      {
        "w": 1024,
        "h": 1024,
        "path": "assets/bandeaux/M04/file_00000000fea461f4994af8a8621f138e_w1024.webp"
      }
    ]
  },
  "assets/bandeaux/M04/image.png": {
    "w": 1024,
    "h": 1024,
    "variants": [
      {
        "w": 640,
        "h": 640,
        "path": "assets/bandeaux/M04/image_w640.webp"
      },
      {
        "w": 1024,
        "h": 1024,
        "path": "assets/bandeaux/M04/image_w1024.webp"
      },
      {
        "w": 1024,
        "h": 1024,
        "path": "assets/bandeaux/M04/image_w1024.webp"
      }
    ]
  },
  "assets/hero-bg.png": {
    "w": 1024,
    "h": 1536,
    "variants": [
      {
        "w": 640,
        "h": 960,
        "path": "assets/hero-bg_w640.webp"
      },
      {
        "w": 1024,
        "h": 1536,
        "path": "assets/hero-bg_w1024.webp"
      },
      {
        "w": 1024,
        "h": 1536,
        "path": "assets/hero-bg_w1024.webp"
      }
    ]
  },
  "assets/skins/blocks/brush-light.png": {
    "w": 1800,
    "h": 1000,
    "variants": [
      {
        "w": 640,
        "h": 356,
        "path": "assets/skins/blocks/brush-light_w640.webp"
      },
      {
        "w": 1280,
        "h": 711,
        "path": "assets/skins/blocks/brush-light_w1280.webp"
      },
      {
        "w": 1800,
        "h": 1000,
        "path": "assets/skins/blocks/brush-light_w1800.webp"
      }
    ]
  },
  "assets/skins/blocks/brush-dark.png": {
    "w": 1800,
    "h": 1000,
    "variants": [
      {
        "w": 640,
        "h": 356,
        "path": "assets/skins/blocks/brush-dark_w640.webp"
      },
      {
        "w": 1280,
        "h": 711,
        "path": "assets/skins/blocks/brush-dark_w1280.webp"
      },
      {
        "w": 1800,
        "h": 1000,
        "path": "assets/skins/blocks/brush-dark_w1800.webp"
      }
    ]
  },
  "assets/galerie/galerie03.jpg": {
    "w": 736,
    "h": 736,
    "variants": [
      {
        "w": 640,
        "h": 640,
        "path": "assets/galerie/galerie03_w640.webp"
      },
      {
        "w": 736,
        "h": 736,
        "path": "assets/galerie/galerie03_w736.webp"
      },
      {
        "w": 736,
        "h": 736,
        "path": "assets/galerie/galerie03_w736.webp"
      }
    ]
  },
  "assets/skins/blocks/halo.png": {
    "w": 1800,
    "h": 1000,
    "variants": [
      {
        "w": 640,
        "h": 356,
        "path": "assets/skins/blocks/halo_w640.webp"
      },
      {
        "w": 1280,
        "h": 711,
        "path": "assets/skins/blocks/halo_w1280.webp"
      },
      {
        "w": 1800,
        "h": 1000,
        "path": "assets/skins/blocks/halo_w1800.webp"
      }
    ]
  },
  "assets/galerie/galerie01.gif": {
    "w": 600,
    "h": 400,
    "variants": [
      {
        "w": 600,
        "h": 400,
        "path": "assets/galerie/galerie01_w600.webp"
      },
      {
        "w": 600,
        "h": 400,
        "path": "assets/galerie/galerie01_w600.webp"
      },
      {
        "w": 600,
        "h": 400,
        "path": "assets/galerie/galerie01_w600.webp"
      }
    ]
  },
  "assets/galerie/galerie03.png": {
    "w": 900,
    "h": 600,
    "variants": [
      {
        "w": 640,
        "h": 427,
        "path": "assets/galerie/galerie03_w640.webp"
      },
      {
        "w": 900,
        "h": 600,
        "path": "assets/galerie/galerie03_w900.webp"
      },
      {
        "w": 900,
        "h": 600,
        "path": "assets/galerie/galerie03_w900.webp"
      }
    ]
  }
}